<appaction uniquename="mscsu__CloseCase!f1b79b53195a4a16b9acf6419312e8fe!mscsu_CaseManag86256ba0!crf16_case!0">
  <appmoduleid>
    <uniquename>mscsu_CaseManag86256ba0</uniquename>
  </appmoduleid>
  <buttonlabeltext default="Close Case">
    <label description="Close Case" languagecode="1033" />
  </buttonlabeltext>
  <context>1</context>
  <contextentity>
    <logicalname>crf16_case</logicalname>
  </contextentity>
  <contextvalue>crf16_case</contextvalue>
  <fonticon>ClosePane</fonticon>
  <hidden>0</hidden>
  <iscustomizable>1</iscustomizable>
  <isdisabled>0</isdisabled>
  <isgrouptitlehidden>0</isgrouptitlehidden>
  <location>0</location>
  <name>CloseCase!f1b79b53195a4a16b9acf6419312e8fe</name>
  <onclickeventformulacomponentlibraryid>
    <name>mscsu_casemanag86256ba0defaultcommandlibrary_753ee</name>
  </onclickeventformulacomponentlibraryid>
  <onclickeventformulacomponentname>1b1a36dae47c48908d63230955744860</onclickeventformulacomponentname>
  <onclickeventformulafunctionname>OnSelect</onclickeventformulafunctionname>
  <onclickeventtype>1</onclickeventtype>
  <origin>0</origin>
  <sequence>100100015.0000000000</sequence>
  <statecode>0</statecode>
  <statuscode>1</statuscode>
  <type>0</type>
  <visibilityformulacomponentlibraryid>
    <name>mscsu_casemanag86256ba0defaultcommandlibrary_753ee</name>
  </visibilityformulacomponentlibraryid>
  <visibilityformulacomponentname>1b1a36dae47c48908d63230955744860</visibilityformulacomponentname>
  <visibilityformulafunctionname>Visible</visibilityformulafunctionname>
  <visibilitytype>1</visibilitytype>
</appaction>