<ImportExportXml version="9.2.25034.202" SolutionPackageVersion="9.2" languagecode="1033" generatedBy="CrmLive" xmlns:xsi="http://www.w3.org/2001/XMLSchema-instance" OrganizationVersion="9.2.25034.202" OrganizationSchemaType="Standard" CRMServerServiceabilityVersion="9.2.25034.00202">
  <SolutionManifest>
    <UniqueName>CaseManagementSystem</UniqueName>
    <LocalizedNames>
      <LocalizedName description="Case Management System" languagecode="1033" />
    </LocalizedNames>
    <Descriptions />
    <Version>1.0.0.2</Version>
    <Managed>0</Managed>
    <Publisher>
      <UniqueName>MSCSU</UniqueName>
      <LocalizedNames>
        <LocalizedName description="Microsoft CSU" languagecode="1033" />
      </LocalizedNames>
      <Descriptions />
      <EMailAddress xsi:nil="true"></EMailAddress>
      <SupportingWebsiteUrl xsi:nil="true"></SupportingWebsiteUrl>
      <CustomizationPrefix>mscsu</CustomizationPrefix>
      <CustomizationOptionValuePrefix>40815</CustomizationOptionValuePrefix>
      <Addresses>
        <Address>
          <AddressNumber>1</AddressNumber>
          <AddressTypeCode>1</AddressTypeCode>
          <City xsi:nil="true"></City>
          <County xsi:nil="true"></County>
          <Country xsi:nil="true"></Country>
          <Fax xsi:nil="true"></Fax>
          <FreightTermsCode xsi:nil="true"></FreightTermsCode>
          <ImportSequenceNumber xsi:nil="true"></ImportSequenceNumber>
          <Latitude xsi:nil="true"></Latitude>
          <Line1 xsi:nil="true"></Line1>
          <Line2 xsi:nil="true"></Line2>
          <Line3 xsi:nil="true"></Line3>
          <Longitude xsi:nil="true"></Longitude>
          <Name xsi:nil="true"></Name>
          <PostalCode xsi:nil="true"></PostalCode>
          <PostOfficeBox xsi:nil="true"></PostOfficeBox>
          <PrimaryContactName xsi:nil="true"></PrimaryContactName>
          <ShippingMethodCode>1</ShippingMethodCode>
          <StateOrProvince xsi:nil="true"></StateOrProvince>
          <Telephone1 xsi:nil="true"></Telephone1>
          <Telephone2 xsi:nil="true"></Telephone2>
          <Telephone3 xsi:nil="true"></Telephone3>
          <TimeZoneRuleVersionNumber xsi:nil="true"></TimeZoneRuleVersionNumber>
          <UPSZone xsi:nil="true"></UPSZone>
          <UTCOffset xsi:nil="true"></UTCOffset>
          <UTCConversionTimeZoneCode xsi:nil="true"></UTCConversionTimeZoneCode>
        </Address>
        <Address>
          <AddressNumber>2</AddressNumber>
          <AddressTypeCode>1</AddressTypeCode>
          <City xsi:nil="true"></City>
          <County xsi:nil="true"></County>
          <Country xsi:nil="true"></Country>
          <Fax xsi:nil="true"></Fax>
          <FreightTermsCode xsi:nil="true"></FreightTermsCode>
          <ImportSequenceNumber xsi:nil="true"></ImportSequenceNumber>
          <Latitude xsi:nil="true"></Latitude>
          <Line1 xsi:nil="true"></Line1>
          <Line2 xsi:nil="true"></Line2>
          <Line3 xsi:nil="true"></Line3>
          <Longitude xsi:nil="true"></Longitude>
          <Name xsi:nil="true"></Name>
          <PostalCode xsi:nil="true"></PostalCode>
          <PostOfficeBox xsi:nil="true"></PostOfficeBox>
          <PrimaryContactName xsi:nil="true"></PrimaryContactName>
          <ShippingMethodCode>1</ShippingMethodCode>
          <StateOrProvince xsi:nil="true"></StateOrProvince>
          <Telephone1 xsi:nil="true"></Telephone1>
          <Telephone2 xsi:nil="true"></Telephone2>
          <Telephone3 xsi:nil="true"></Telephone3>
          <TimeZoneRuleVersionNumber xsi:nil="true"></TimeZoneRuleVersionNumber>
          <UPSZone xsi:nil="true"></UPSZone>
          <UTCOffset xsi:nil="true"></UTCOffset>
          <UTCConversionTimeZoneCode xsi:nil="true"></UTCConversionTimeZoneCode>
        </Address>
      </Addresses>
    </Publisher>
    <RootComponents>
      <RootComponent type="1" schemaName="crf16_case" behavior="0" />
      <RootComponent type="1" schemaName="crf16_casemanager" behavior="0" />
      <RootComponent type="1" schemaName="crf16_casetask" behavior="0" />
      <RootComponent type="1" schemaName="crf16_client" behavior="0" />
      <RootComponent type="1" schemaName="crf16_communication" behavior="0" />
      <RootComponent type="1" schemaName="crf16_document" behavior="0" />
      <RootComponent type="1" schemaName="crf16_timelog" behavior="0" />
      <RootComponent type="1" schemaName="systemuser" behavior="1" />
      <RootComponent type="9" schemaName="mscsu_approvalstatus" behavior="0" />
      <RootComponent type="9" schemaName="mscsu_approvaltypes" behavior="0" />
      <RootComponent type="9" schemaName="mscsu_businessimpact" behavior="0" />
      <RootComponent type="9" schemaName="mscsu_casestatus" behavior="0" />
      <RootComponent type="29" id="{58bfc91a-a01b-f011-9989-002248eb1e20}" behavior="0" />
      <RootComponent type="61" schemaName="mscsu_CaseIcon" behavior="0" />
      <RootComponent type="61" schemaName="mscsu_CaseManagement" behavior="0" />
      <RootComponent type="61" schemaName="mscsu_CircleIcon" behavior="0" />
      <RootComponent type="61" schemaName="mscsu_userregularBlack" behavior="0" />
      <RootComponent type="62" schemaName="mscsu_CaseManag28cc92b5" behavior="0" />
      <RootComponent type="80" schemaName="mscsu_CaseManag86256ba0" behavior="0" />
      <RootComponent type="300" schemaName="mscsu_casemanag86256ba0defaultcommandlibrary_753ee" behavior="0" />
    </RootComponents>
    <MissingDependencies>
      <MissingDependency>
        <Required type="66" schemaName="MscrmControls.DatasetControl.EntityHandlingTime" displayName="MscrmControls.DatasetControl.EntityHandlingTime" solution="BaseCustomControlsCore (9.0.2503.4012)">
          <package appName="Base Custom Controls" version="9.0.2503.4012">BaseCustomControlsCore (9.0.2503.4012)</package>
        </Required>
        <Dependent type="26" schemaName="Active Cases" displayName="Active Cases" parentSchemaName="crf16_case" parentDisplayName="Case" id="{fd11817a-b730-4ca9-a61b-6305a29aee32}" />
      </MissingDependency>
      <MissingDependency>
        <Required type="9" schemaName="msdyn_flow_approval_priority" displayName="Priority" solution="msdyn_FlowApprovalsCore (2.1.6.0)">
          <package appName="msdyn_FlowApprovals" version="2.0.8.0">msdyn_FlowApprovals (2.0.8.0)</package>
          <package appName="Microsoft Flow Approvals" version="2.1.6.0">msdyn_FlowApprovals (2.1.6.0)</package>
        </Required>
        <Dependent type="2" schemaName="mscsu_casepriority" displayName="Case Priority" parentSchemaName="crf16_case" parentDisplayName="Case" />
      </MissingDependency>
      <MissingDependency>
        <Required type="SettingDefinition" displayName="AppChannel" solution="msdyn_AppFrameworkInfraExtensions (1.0.0.12)" id.uniquename="AppChannel">
          <package appName="PowerAppsAppFramework Package" version="1.0.0.17">PowerAppsAppFramework_Anchor (1.0.0.17)</package>
        </Required>
        <Dependent type="AppSetting" displayName="parentappmoduleid.uniquename=mscsu_CaseManag86256ba0,settingdefinitionid.uniquename=AppChannel" id.parentappmoduleid.uniquename="mscsu_CaseManag86256ba0" id.settingdefinitionid.uniquename="AppChannel" />
      </MissingDependency>
    </MissingDependencies>
  </SolutionManifest>
</ImportExportXml>