{
  "properties": {
    "connectionReferences": {
      "shared_commondataserviceforapps": {
        "runtimeSource": "embedded",
        "connection": {
          "connectionReferenceLogicalName": "mscsu_sharedcommondataserviceforapps_49259"
        },
        "api": {
          "name": "shared_commondataserviceforapps"
        }
      },
      "shared_approvals": {
        "runtimeSource": "invoker",
        "connection": {
          "connectionReferenceLogicalName": "mscsu_sharedapprovals_d2f4e"
        },
        "api": {
          "name": "shared_approvals"
        }
      }
    },
    "definition": {
      "$schema": "https://schema.management.azure.com/providers/Microsoft.Logic/schemas/2016-06-01/workflowdefinition.json#",
      "contentVersion": "undefined",
      "parameters": {
        "$connections": {
          "defaultValue": {},
          "type": "Object"
        },
        "$authentication": {
          "defaultValue": {},
          "type": "SecureObject"
        }
      },
      "triggers": {
        "manual": {
          "metadata": {
            "operationMetadataId": "c549232e-8e32-4cc7-b4d2-7a1e41ea1ccf"
          },
          "type": "Request",
          "kind": "PowerAppV2",
          "inputs": {
            "schema": {
              "type": "object",
              "properties": {
                "text": {
                  "description": "Please enter your input",
                  "title": "Flow ID",
                  "type": "string",
                  "x-ms-content-hint": "TEXT",
                  "x-ms-dynamically-added": true
                }
              },
              "required": [
                "text"
              ]
            }
          }
        }
      },
      "actions": {
        "Get_a_row_by_ID": {
          "runAfter": {},
          "metadata": {
            "operationMetadataId": "bf309d41-e167-470b-8620-e44467551594"
          },
          "type": "OpenApiConnection",
          "inputs": {
            "parameters": {
              "entityName": "mscsu_approvals",
              "recordId": "@triggerBody()?['text']"
            },
            "host": {
              "connectionName": "shared_commondataserviceforapps",
              "operationId": "GetItem",
              "apiId": "/providers/Microsoft.PowerApps/apis/shared_commondataserviceforapps"
            },
            "authentication": "@parameters('$authentication')"
          }
        },
        "Start_and_wait_for_an_approval": {
          "runAfter": {
            "Get_a_row_by_ID": [
              "Succeeded"
            ]
          },
          "metadata": {
            "operationMetadataId": "757036b1-bc2b-4ac9-be9e-e9b243b0e9ba"
          },
          "type": "OpenApiConnectionWebhook",
          "inputs": {
            "parameters": {
              "approvalType": "Basic",
              "WebhookApprovalCreationInput/title": "Action Required: Review request - @{outputs('Get_a_row_by_ID')?['body/mscsu_approvaltitle']}",
              "WebhookApprovalCreationInput/assignedTo": "@outputs('Get_a_row_by_ID')?['body/mscsu_assignedto']",
              "WebhookApprovalCreationInput/details": "@outputs('Get_a_row_by_ID')?['body/mscsu_details']",
              "WebhookApprovalCreationInput/enableNotifications": true,
              "WebhookApprovalCreationInput/enableReassignment": true
            },
            "host": {
              "connectionName": "shared_approvals",
              "operationId": "StartAndWaitForAnApproval",
              "apiId": "/providers/Microsoft.PowerApps/apis/shared_approvals"
            },
            "authentication": {
              "value": "@json(decodeBase64(triggerOutputs().headers['X-MS-APIM-Tokens']))['$ConnectionKey']",
              "type": "Raw"
            }
          }
        },
        "Decisions_Taken": {
          "runAfter": {
            "Start_and_wait_for_an_approval": [
              "Succeeded"
            ]
          },
          "metadata": {
            "operationMetadataId": "656d60d0-7ed5-489d-b0c5-83793cc44f4d"
          },
          "type": "Compose",
          "inputs": "@add(outputs('Get_a_row_by_ID')?['body/crf16_decisionstaken'], 1)"
        },
        "Condition": {
          "actions": {
            "Update_a_row": {
              "runAfter": {},
              "metadata": {
                "operationMetadataId": "d5bfe032-4f4a-4504-88f6-bb1554440771"
              },
              "type": "OpenApiConnection",
              "inputs": {
                "parameters": {
                  "entityName": "mscsu_approvals",
                  "recordId": "@outputs('Get_a_row_by_ID')?['body/mscsu_approvalid']",
                  "item/mscsu_assignedto": "@split(outputs('Get_a_row_by_ID')?['body/crf16_approvers'], ';')[outputs('Decisions_Taken')]\r\n",
                  "item/crf16_approvalhistory": "@{outputs('Get_a_row_by_ID')?['body/crf16_approvalhistory']}\n-----------------------------------------------------------------\nAppproved by:  @{outputs('Start_and_wait_for_an_approval')?['body']?['responses'][0]?['responder']?['displayName']}\nComments: @{outputs('Start_and_wait_for_an_approval')?['body']?['responses'][0]?['comments']}",
                  "item/mscsu_approval_status": "@if(equals(length(outputs('Get_a_row_by_ID')?['body/crf16_approvers']), outputs('Decisions_Taken')), 408150001, 408150000)",
                  "item/crf16_decisionstaken": "@outputs('Decisions_Taken')"
                },
                "host": {
                  "connectionName": "shared_commondataserviceforapps",
                  "operationId": "UpdateOnlyRecord",
                  "apiId": "/providers/Microsoft.PowerApps/apis/shared_commondataserviceforapps"
                },
                "authentication": "@parameters('$authentication')"
              },
              "description": "if(equals(length(outputs('Get_a_row_by_ID')?['body/crf16_approvers']), outputs('Decisions_Taken')), 'Approved', 'Pending')"
            }
          },
          "runAfter": {
            "Decisions_Taken": [
              "Succeeded"
            ]
          },
          "expression": {
            "and": [
              {
                "equals": [
                  "@outputs('Start_and_wait_for_an_approval')?['body/outcome']",
                  "Approve"
                ]
              }
            ]
          },
          "metadata": {
            "operationMetadataId": "16cb2d9c-9099-4dce-9047-938a99d7809b"
          },
          "type": "If"
        }
      }
    },
    "templateName": ""
  },
  "schemaVersion": "1.0.0.0"
}