{
  "properties": {
    "connectionReferences": {
      "shared_approvals": {
        "runtimeSource": "invoker",
        "connection": {
          "connectionReferenceLogicalName": "mscsu_sharedapprovals_d2f4e"
        },
        "api": {
          "name": "shared_approvals"
        }
      }
    },
    "definition": {
      "$schema": "https://schema.management.azure.com/providers/Microsoft.Logic/schemas/2016-06-01/workflowdefinition.json#",
      "contentVersion": "1.0.0.0",
      "parameters": {
        "$connections": {
          "defaultValue": {},
          "type": "Object"
        },
        "$authentication": {
          "defaultValue": {},
          "type": "SecureObject"
        }
      },
      "triggers": {
        "manual": {
          "metadata": {
            "operationMetadataId": "d8a5fed5-b43a-4afb-8b23-813ae5b571cc"
          },
          "type": "Request",
          "kind": "PowerAppV2",
          "inputs": {
            "schema": {
              "type": "object",
              "properties": {
                "email": {
                  "title": "RequesterEmail",
                  "type": "string",
                  "format": "email",
                  "x-ms-dynamically-added": true,
                  "description": "Please enter Requester e-mail address",
                  "x-ms-content-hint": "EMAIL"
                },
                "email_1": {
                  "title": "ApproverEmail",
                  "type": "string",
                  "format": "email",
                  "x-ms-dynamically-added": true,
                  "description": "Please enter Approver e-mail address",
                  "x-ms-content-hint": "EMAIL"
                },
                "text": {
                  "title": "Approval Title",
                  "type": "string",
                  "x-ms-dynamically-added": true,
                  "description": "Please enter your Approval Title Request",
                  "x-ms-content-hint": "TEXT"
                },
                "text_1": {
                  "title": "Details",
                  "type": "string",
                  "x-ms-dynamically-added": true,
                  "description": "Please enter your input",
                  "x-ms-content-hint": "TEXT"
                },
                "text_2": {
                  "title": "Item Link",
                  "type": "string",
                  "x-ms-dynamically-added": true,
                  "description": "Please enter your input",
                  "x-ms-content-hint": "TEXT"
                },
                "text_3": {
                  "title": "Item Link Description",
                  "type": "string",
                  "x-ms-dynamically-added": true,
                  "description": "Please enter your input",
                  "x-ms-content-hint": "TEXT"
                },
                "text_4": {
                  "title": "Requestor Name",
                  "type": "string",
                  "x-ms-dynamically-added": true,
                  "description": "Please enter your input",
                  "x-ms-content-hint": "TEXT"
                }
              },
              "required": [
                "email",
                "email_1",
                "text",
                "text_1",
                "text_2",
                "text_4"
              ]
            }
          }
        }
      },
      "actions": {
        "Start_an_approval": {
          "runAfter": {},
          "metadata": {
            "operationMetadataId": "d0a4f08c-8b7b-456d-b84b-a1aba8a582d0"
          },
          "type": "OpenApiConnectionWebhook",
          "inputs": {
            "host": {
              "connectionName": "shared_approvals",
              "operationId": "approvalSubscribeV2",
              "apiId": "/providers/Microsoft.PowerApps/apis/shared_approvals"
            },
            "parameters": {
              "approvalType": "Basic",
              "ApprovalCreationInput/title": "@triggerBody()['text']",
              "ApprovalCreationInput/assignedTo": "@{triggerBody()['email_1']};",
              "ApprovalCreationInput/details": "@triggerBody()['text_1']",
              "ApprovalCreationInput/itemLink": "@triggerBody()['text_2']",
              "ApprovalCreationInput/itemLinkDescription": "@triggerBody()['text_3']",
              "ApprovalCreationInput/requestor": "@{triggerBody()['email']};",
              "ApprovalCreationInput/enableNotifications": true
            },
            "authentication": "@parameters('$authentication')"
          }
        }
      }
    },
    "templateName": "edff5aa7123a4f1c99f60c025a3aee03"
  },
  "schemaVersion": "1.0.0.0"
}